<?xml version="1.0" encoding="utf-8"?> 
<!-- 
  Synopsys, Inc.
  Version I-2013.09L-SP1-1 
  Project file C:\MyWork\Project\PCIe_Saphire\PCIE_Basic_ECP5_D32_esr\Clarity\ecp5\pcie_core\pcie_extref\syn_results\syntmp\run_option.xml
  Written on Mon Jul 28 14:27:24 2014


--> 
<project_attribute_list name="Project Settings"> 
     <option name="project_name" display_name="Project Name">pcie_extref</option>
     <option name="impl_name" display_name="Implementation Name">syn_results</option>
     <option name="top_module" display_name="Top Module">pcie_extref</option>
     <option name="pipe" display_name="Pipelining">0</option>
     <option name="retiming" display_name="Retiming">0</option>
     <option name="resource_sharing" display_name="Resource Sharing">1</option>
     <option name="maxfan" display_name="Fanout Guide">50</option>
     <option name="disable_io_insertion" display_name="Disable I/O Insertion">1</option>
     <option name="fix_gated_and_generated_clocks" display_name="Clock Conversion">1</option>
     <option name="symbolic_fsm_compiler" display_name="FSM Compiler">1</option>
</project_attribute_list>

