<?xml version="1.0" encoding="utf-8"?> 
<!-- 
  Synopsys, Inc.
  Version N-2018.03L-SP1-1
  Project file C:\Project\2020\Refael\Lightning\Vhdl\Ver2_1\Implementation\ecp5um-85F_PCIeBasic\Pll27MHz\Module_Pll27MHz\syn_results\syntmp\run_option.xml
  Written on Sun Jun 27 19:30:49 2021


--> 
<project_attribute_list name="Project Settings"> 
     <option name="project_name" display_name="Project Name">Module_Pll27MHz</option>
     <option name="device_name" display_name="Device Name">syn_results: Lattice ECP5UM5G : LFE5UM5G_25F</option>
     <option name="impl_name" display_name="Implementation Name">syn_results</option>
     <option name="top_module" display_name="Top Module">Module_Pll27MHz</option>
     <option name="pipe" display_name="Pipelining">0</option>
     <option name="retiming" display_name="Retiming">0</option>
     <option name="resource_sharing" display_name="Resource Sharing">1</option>
     <option name="maxfan" display_name="Fanout Guide">50</option>
     <option name="disable_io_insertion" display_name="Disable I/O Insertion">1</option>
     <option name="no_sequential_opt" display_name="Disable Sequential Optimizations">0</option>
     <option name="fix_gated_and_generated_clocks" display_name="Clock Conversion">1</option>
     <option name="symbolic_fsm_compiler" display_name="FSM Compiler">1</option>
</project_attribute_list>

